id,predicted_target
1989,-0.47382802
1990,-0.47382802
1991,-0.4776111
1992,-0.48135963
1993,-0.4776111
1994,-0.47382802
1995,-0.46679536
1996,-0.47382802
1997,-0.47382802
1998,-0.4718575
1999,-0.4718575
2000,-0.47351632
2001,-0.47351632
2002,-0.4718575
2003,-0.4718575
2004,-0.47351632
2005,-0.47351632
2006,-0.47351632
2007,-0.47351632
2008,-0.47836703
2009,-0.46805692
2010,-0.46805692
2011,-0.47836703
2012,-0.47836703
2013,-0.47836703
2014,-0.47351632
2015,-0.47236148
2016,-0.47236148
2017,-0.4776111
2018,-0.47236148
2019,-0.47351632
2020,-0.47351632
2021,-0.4718575
2022,-0.47382802
2023,-0.4718575
2024,-0.47351632
2025,-0.47351632
2026,-0.4718575
2027,-0.4718575
2028,-0.47351632
2029,-0.47351632
2030,-0.47351632
2031,-0.47836703
2032,-0.47351632
2033,-0.47351632
2034,-0.47351632
2035,-0.47351632
2036,-0.47236148
2037,-0.47351632
2038,-0.47351632
2039,-0.47836703
2040,-0.47836703
2041,-0.47351632
2042,-0.47351632
2043,-0.47351632
2044,-0.47351632
2045,-0.47236148
2046,-0.47382802
2047,-0.4776111
2048,-0.4776111
2049,-0.4776111
2050,-0.4776111
2051,-0.4776111
2052,-0.4776111
2053,-0.47382802
2054,-0.4776111
2055,-0.4776111
2056,-0.4776111
2057,-0.47382802
2058,-0.47382802
2059,-0.47382802
2060,-0.47382802
2061,-0.4718575
2062,-0.47382802
2063,-0.4718575
2064,-0.47351632
2065,-0.47351632
2066,-0.47351632
2067,-0.47351632
2068,-0.47351632
2069,-0.47351632
2070,-0.47130457
2071,-0.47351632
2072,-0.47836703
2073,-0.47351632
2074,-0.47836703
2075,-0.47836703
2076,-0.47351632
2077,-0.47836703
2078,-0.47836703
2079,-0.47890037
2080,-0.47236148
2081,-0.47890037
2082,-0.47836703
2083,-0.47836703
2084,-0.47836703
2085,-0.47836703
2086,-0.47836703
2087,-0.47351632
2088,-0.47351632
2089,-0.47236148
2090,-0.47836703
2091,-0.47836703
2092,-0.47836703
2093,-0.47351632
2094,-0.47351632
2095,-0.47351632
2096,-0.47070265
2097,-0.4776111
2098,-0.4776111
2099,-0.4776111
2100,-0.4776111
2101,-0.47382802
2102,-0.47382802
2103,-0.47382802
2104,-0.47382802
2105,-0.47351632
2106,-0.47351632
2107,-0.47836703
2108,-0.47836703
2109,-0.47836703
2110,-0.47836703
2111,-0.47836703
2112,-0.47836703
2113,-0.47836703
2114,-0.47351632
2115,-0.47236148
2116,-0.47236148
2117,-0.47351632
2118,-0.47130457
2119,-0.47351632
2120,-0.47351632
2121,-0.47351632
2122,-0.4718575
2123,-0.4776111
2124,-0.4776111
2125,-0.47382802
2126,-0.46964574
2127,-0.4718575
2128,-0.47351632
2129,-0.47382802
2130,-0.46964574
2131,-0.4776111
2132,-0.4776111
2133,-0.4776111
2134,-0.4776111
2135,-0.4776111
2136,-0.47382802
2137,-0.47382802
2138,-0.47382802
2139,-0.4776111
2140,-0.4776111
2141,-0.4776111
2142,-0.4776111
2143,-0.4776111
2144,-0.47382802
2145,-0.47382802
2146,-0.47382802
2147,-0.47382802
2148,-0.47382802
2149,-0.4776111
2150,-0.4776111
2151,-0.4776111
2152,-0.47382802
2153,-0.47382802
2154,-0.47382802
2155,-0.47351632
2156,-0.47130457
2157,-0.47130457
2158,-0.46964574
2159,-0.47351632
2160,-0.47130457
2161,-0.47836703
2162,-0.47836703
2163,-0.47836703
2164,-0.47836703
2165,-0.47836703
2166,-0.47351632
2167,-0.47351632
2168,-0.47236148
2169,-0.47070265
2170,-0.47351632
2171,-0.47351632
2172,-0.47351632
2173,-0.47351632
2174,-0.47351632
2175,-0.47351632
2176,-0.47836703
2177,-0.47836703
2178,-0.47836703
2179,-0.47836703
2180,-0.47836703
2181,-0.47890037
2182,-0.47836703
2183,-0.47836703
2184,-0.47890037
2185,-0.47236148
2186,-0.47351632
2187,-0.47236148
2188,-0.47351632
2189,-0.47351632
2190,-0.47890037
2191,-0.47351632
2192,-0.47351632
2193,-0.47351632
2194,-0.4718575
2195,-0.4776111
2196,-0.47070265
2197,-0.4718575
2198,-0.4776111
2199,-0.4776111
2200,-0.4776111
2201,-0.4776111
2202,-0.4776111
2203,-0.4776111
2204,-0.47382802
2205,-0.47382802
2206,-0.47382802
2207,-0.4718575
2208,-0.47382802
2209,-0.47382802
2210,-0.47382802
2211,-0.47351632
2212,-0.4776111
2213,-0.4776111
2214,-0.4776111
2215,-0.4776111
2216,-0.4776111
2217,-0.47382802
2218,-0.47382802
2219,-0.47382802
2220,-0.47382802
2221,-0.47382802
2222,-0.45842403
2223,-0.47382802
2224,-0.47382802
2225,-0.47382802
2226,-0.47382802
2227,-0.47382802
2228,-0.47382802
2229,-0.47351632
2230,-0.47351632
2231,-0.47130457
2232,-0.47351632
2233,-0.4718575
2234,-0.4776111
2235,-0.4718575
2236,-0.47351632
2237,-0.47351632
2238,-0.47351632
2239,-0.47351632
2240,-0.47351632
2241,-0.47351632
2242,-0.47130457
2243,-0.47130457
2244,-0.47351632
2245,-0.47351632
2246,-0.47351632
2247,-0.47351632
2248,-0.47351632
2249,-0.47351632
2250,-0.4718575
2251,-0.4718575
2252,-0.4776111
2253,-0.4776111
2254,-0.4776111
2255,-0.4776111
2256,-0.4776111
2257,-0.47382802
2258,-0.4718575
2259,-0.47382802
2260,-0.47382802
2261,-0.47382802
2262,-0.4776111
2263,-0.4776111
2264,-0.4776111
2265,-0.47382802
2266,-0.47382802
2267,-0.4776111
2268,-0.4776111
2269,-0.47382802
2270,-0.4776111
2271,-0.4776111
2272,-0.47382802
2273,-0.47382802
2274,-0.47382802
2275,-0.47382802
2276,-0.47382802
2277,-0.47382802
2278,-0.4718575
2279,-0.4718575
2280,-0.47351632
2281,-0.47351632
2282,-0.47351632
2283,-0.47351632
2284,-0.47351632
2285,-0.47351632
2286,-0.47351632
2287,-0.47351632
2288,-0.4718575
2289,-0.4718575
2290,-0.47351632
2291,-0.47351632
2292,-0.47351632
2293,-0.47351632
2294,-0.47351632
2295,-0.47351632
2296,-0.47351632
2297,-0.4718575
2298,-0.47351632
2299,-0.47070265
2300,-0.4776111
2301,-0.47351632
2302,-0.4718575
2303,-0.4718575
2304,-0.4718575
2305,-0.46964574
2306,-0.4776111
2307,-0.4776111
2308,-0.4776111
2309,-0.4776111
2310,-0.4776111
2311,-0.47382802
2312,-0.47382802
2313,-0.47382802
2314,-0.47382802
2315,-0.47382802
2316,-0.47382802
2317,-0.47382802
2318,-0.47382802
2319,-0.47382802
2320,-0.47382802
2321,-0.47382802
2322,-0.47382802
2323,-0.47382802
2324,-0.47351632
2325,-0.47351632
2326,-0.4718575
2327,-0.47382802
2328,-0.47382802
2329,-0.4718575
2330,-0.47351632
2331,-0.47351632
2332,-0.4718575
2333,-0.46964574
2334,-0.46693605
2335,-0.4718575
2336,-0.4718575
2337,-0.4718575
2338,-0.46964574
2339,-0.46964574
2340,-0.47382802
2341,-0.47382802
2342,-0.47382802
2343,-0.47382802
2344,-0.4718575
2345,-0.47351632
2346,-0.4718575
2347,-0.47382802
2348,-0.47382802
2349,-0.47382802
2350,-0.4776111
2351,-0.4776111
2352,-0.47382802
2353,-0.47382802
2354,-0.4776111
2355,-0.47382802
2356,-0.47382802
2357,-0.47382802
2358,-0.4776111
2359,-0.4776111
2360,-0.4776111
2361,-0.4776111
2362,-0.47382802
2363,-0.47382802
2364,-0.47382802
2365,-0.47382802
2366,-0.4718575
2367,-0.47382802
2368,-0.47382802
2369,-0.47382802
2370,-0.4776111
2371,-0.45842403
2372,-0.46679536
2373,-0.47382802
2374,-0.4718575
2375,-0.46964574
2376,-0.47382802
2377,-0.47382802
2378,-0.4776111
2379,-0.4776111
2380,-0.4776111
2381,-0.4776111
2382,-0.4776111
2383,-0.47382802
2384,-0.46679536
2385,-0.47382802
2386,-0.47382802
2387,-0.47382802
2388,-0.47382802
2389,-0.47382802
2390,-0.46679536
2391,-0.45706213
2392,-0.4718575
2393,-0.47130457
2394,-0.47351632
2395,-0.46964574
2396,-0.47351632
2397,-0.47351632
2398,-0.47351632
2399,-0.47351632
2400,-0.47130457
2401,-0.47351632
2402,-0.47351632
2403,-0.47351632
2404,-0.47351632
2405,-0.47351632
2406,-0.47130457
2407,-0.47351632
2408,-0.47351632
2409,-0.47351632
2410,-0.46964574
2411,-0.4776111
2412,-0.47382802
2413,-0.4776111
2414,-0.4776111
2415,-0.46679536
2416,-0.4718575
2417,-0.4718575
2418,-0.46964574
2419,-0.47382802
2420,-0.4718575
2421,-0.46964574
2422,-0.47382802
2423,-0.4718575
2424,-0.46964574
2425,-0.4718575
2426,-0.47351632
2427,-0.47351632
2428,-0.47351632
2429,-0.47351632
2430,-0.47351632
2431,-0.47351632
2432,-0.47351632
2433,-0.47351632
2434,-0.47351632
2435,-0.47351632
2436,-0.47351632
2437,-0.47351632
2438,-0.47351632
2439,-0.4718575
2440,-0.47070265
2441,-0.4776111
2442,-0.47070265
2443,-0.4718575
2444,-0.47382802
2445,-0.47382802
2446,-0.4718575
2447,-0.47351632
2448,-0.47351632
2449,-0.47351632
2450,-0.47351632
2451,-0.47351632
2452,-0.47351632
2453,-0.47351632
2454,-0.47351632
2455,-0.47351632
2456,-0.47351632
2457,-0.4776111
2458,-0.4776111
2459,-0.4776111
2460,-0.4776111
2461,-0.4776111
2462,-0.47382802
2463,-0.47382802
2464,-0.47382802
2465,-0.4776111
2466,-0.4776111
2467,-0.4776111
2468,-0.4776111
2469,-0.4776111
2470,-0.47382802
2471,-0.47382802
2472,-0.45700377
2473,-0.47111833
2474,-0.47382802
2475,-0.47382802
2476,-0.47382802
2477,-0.47382802
2478,-0.47382802
2479,-0.47382802
2480,-0.47382802
2481,-0.47382802
2482,-0.47382802
2483,-0.47382802
2484,-0.47382802
2485,-0.4776111
2486,-0.4776111
